name,input,output,delay
yishenyue,9,3,0.3
yishenyue,9,6,1
yishenyue,8,2,-0.1
yishenyue,8,0,65537
yishenyue,9,0,0.5
yishenyue,12,0,65537
yishenyue,9,0,-0.1
yishenyue,9,6,0.3
yishenyue,8,0,-0.1
yishenyue,9,1,65537
yishenyue,9,9,-0.1
yishenyue,9,3,0.5
yishenyue,12,0,-0.1
yishenyue,12,0,65537
yishenyue,9,0,1
yishenyue,6,1,65537
yishenyue,9,9,0.3
yishenyue,9,9,-0.1
yishenyue,6,1,65537
yishenyue,9,9,0.15
yishenyue,12,0,-0.1
yishenyue,8,1,65537
yishenyue,12,1,65537
yishenyue,9,0,0.15
yishenyue,8,0,65537
yishenyue,9,1,65537
yishenyue,6,1,65537
yishenyue,9,0,65537
yishenyue,12,0,65537
yishenyue,6,0,65537
yishenyue,9,0,0.15
yishenyue,8,0,65537
yishenyue,9,0,0.5
yishenyue,9,0,0
yishenyue,9,0,0.3
yishenyue,9,0,-0.1
yishenyue,8,0,-0.1
yishenyue,12,0,-0.1
yishenyue,6,0,65537
yishenyue,9,0,0.15
yishenyue,9,0,-0.1
yishenyue,6,0,-0.1
yishenyue,8,0,-0.1
yishenyue,12,0,65537
yishenyue,6,0,-0.1
yishenyue,9,0,0
yishenyue,9,0,0.5
yishenyue,9,0,1
yishenyue,6,0,-0.1
yishenyue,9,0,0
yishenyue,6,0,-0.1
yishenyue,9,0,1
yishenyue,9,0,0
yishenyue,8,0,65537
yishenyue,12,0,-0.1
yishenyue,9,0,65537
yishenyue,12,0,-0.1
yishenyue,6,0,-0.1
yishenyue,9,0,65537
yishenyue,8,0,-0.1