index,rate_num,score,season_name,season_num,series_name
524707,10125,7.5,我们不可能成为恋人！绝对不行。 (※似乎可行？),1,我们不可能成为恋人！绝对不行。 (※似乎可行？)
464376,26058,8.0,败犬女主太多了！,1,败犬女主太多了！
587454,4818,7.3,我们不可能成为恋人！绝对不行。 (※似乎可行？) 〜再次闪耀！〜,2,我们不可能成为恋人！绝对不行。 (※似乎可行？)
550507,11,6.0,败犬女主太多了！第二季,2,败犬女主太多了！
402128,6334,7.3,命运-奇异赝品 黎明低语,1,命运-奇异赝品 黎明低语
430699,12190,8.0,金牌得主,1,金牌得主
443831,3518,7.7,Fate/strange Fake,2,命运-奇异赝品 黎明低语
548818,1566,7.8,金牌得主 第二季,2,金牌得主
443112,4148,6.7,公主大人“拷问”的时间到了,1,公主大人“拷问”的时间到了
621939,0,0.0,剧场版 金牌得主,3,金牌得主
486763,640,7.2,公主大人“拷问”的时间到了 第二季,2,公主大人“拷问”的时间到了
1424,29042,8.3,轻音少女,1,轻音少女
321885,17854,6.9,链锯人,1,链锯人
3774,23591,8.4,轻音少女 第二季,2,轻音少女
470660,11052,8.4,剧场版 链锯人 蕾塞篇,2,链锯人
431767,23030,7.6,GIRLS BAND CRY,1,GIRLS BAND CRY
616930,1,10.0,链锯人 刺客篇,3,链锯人
587772,0,0.0,ガールズバンドクライ 新作映画,2,GIRLS BAND CRY
248175,26230,7.8,辉夜大小姐想让我告白～天才们的恋爱头脑战～,1,辉夜大小姐想让我告白～天才们的恋爱头脑战～
1671,23892,8.4,化物语,1,化物语
293049,23349,7.9,辉夜大小姐想让我告白?～天才们的恋爱头脑战～,2,辉夜大小姐想让我告白～天才们的恋爱头脑战～
23161,14591,7.9,伪物语,2,化物语
317613,22033,8.3,辉夜大小姐想让我告白-超级浪漫-,3,辉夜大小姐想让我告白～天才们的恋爱头脑战～
56117,10634,7.7,猫物语（黑）,3,化物语
425211,9054,7.9,辉夜大小姐想让我告白-初吻不会结束-,4,辉夜大小姐想让我告白～天才们的恋爱头脑战～
68812,12590,8.2,物语系列 第二季,4,化物语
565802,7715,8.3,辉夜大小姐想让我告白 通往大人的阶梯,5,辉夜大小姐想让我告白～天才们的恋爱头脑战～
82322,7194,7.3,花物语,5,化物语
619013,0,0.0,辉夜大小姐想让我告白 完结篇,6,辉夜大小姐想让我告白～天才们的恋爱头脑战～
115932,7579,7.5,凭物语,6,化物语
9717,36907,8.6,魔法少女小圆,1,魔法少女小圆
138829,8404,7.8,终物语,7,化物语
44693,16943,8.6,剧场版 魔法少女小圆 [新篇] 叛逆的物语,2,魔法少女小圆
146104,5616,7.2,历物语,8,化物语
334105,259,8.2,剧场版 魔法少女小圆 〈魔女之夜的回天〉,3,魔法少女小圆
175596,7614,8.1,终物语（下）,9,化物语
247,13382,8.7,银魂,1,银魂
233926,5894,7.9,续·终物语,10,化物语
11834,13272,8.7,银魂',2,银魂
475354,5689,8.2,物语系列 外传季&怪物季,11,化物语
47576,4495,8.3,银魂' 延长战,3,银魂
567936,38,8.6,物语系列 外传季&怪物季 新作,12,化物语
120791,4578,8.2,银魂°,4,银魂
51,26970,8.4,CLANNAD,1,CLANNAD
193298,2371,7.7,银魂.,5,银魂
876,30011,9.2,CLANNAD 〜AFTER STORY〜,2,CLANNAD
218740,1540,7.5,银魂. 走光篇,6,银魂
179949,21629,7.4,小林家的龙女仆,1,小林家的龙女仆
232884,1438,7.3,银魂. 银之魂篇,7,银魂
274234,13532,7.5,小林家的龙女仆S,2,小林家的龙女仆
240811,1256,7.3,银魂. 银之魂篇 第二季,8,银魂
514353,2858,6.6,小林家的龙女仆 怕寂寞的龙,3,小林家的龙女仆
309002,552,7.2,银魂 THE SEMI-FINAL,9,银魂
110467,22352,8.7,白箱,1,白箱
276641,836,7.2,银魂 THE FINAL,10,银魂
244761,5813,7.5,剧场版 白箱,2,白箱
424663,12458,7.0,梦想成为魔法少女,1,梦想成为魔法少女
277554,24543,7.9,无职转生～到了异世界就拿出真本事～,1,无职转生～到了异世界就拿出真本事～
516788,2,10.0,梦想成为魔法少女 第二季,2,梦想成为魔法少女
325585,23045,8.3,无职转生～到了异世界就拿出真本事～ 第2部分,2,无职转生～到了异世界就拿出真本事～
135275,21948,7.7,为美好的世界献上祝福！,1,为美好的世界献上祝福！
373247,15097,7.3,无职转生 第二季 ～到了异世界就拿出真本事～,3,无职转生～到了异世界就拿出真本事～
174043,17975,7.7,为美好的世界献上祝福！ 第二季,2,为美好的世界献上祝福！
444557,13160,7.6,无职转生 第二季 ～到了异世界就拿出真本事～ 第2部分,4,无职转生～到了异世界就拿出真本事～
220631,11657,7.6,电影 为美好的世界献上祝福！红传说,3,为美好的世界献上祝福！
501963,227,7.8,无职转生 第三季 ～到了异世界就拿出真本事～,5,无职转生～到了异世界就拿出真本事～
342667,12542,7.7,为美好的世界献上祝福！第三季,4,为美好的世界献上祝福！
10639,29809,8.1,Fate/Zero,1,Fate/Zero
544024,11,8.2,为美好的世界献上祝福！第四季,5,为美好的世界献上祝福！
3484,6052,6.9,Fate/stay night UNLIMITED BLADE WORKS,2,Fate/Zero
395378,16653,7.8,迷宫饭,1,迷宫饭
428735,29845,8.0,BanG Dream! It's MyGO!!!!!,1,BanG Dream! It's MyGO!!!!!
499073,23,8.3,迷宫饭 第二季,2,迷宫饭
454684,20312,4.1,BanG Dream! Ave Mujica,2,BanG Dream! It's MyGO!!!!!
356774,10303,7.4,彻夜之歌,1,彻夜之歌
578262,5,4.4,BanG Dream! Ave Mujica prima aurora,3,BanG Dream! It's MyGO!!!!!
484623,5102,7.7,彻夜之歌 第二季,2,彻夜之歌
183878,21193,7.6,紫罗兰永恒花园,1,紫罗兰永恒花园
29648,24976,7.4,中二病也要谈恋爱！,1,中二病也要谈恋爱！
242216,8625,7.6,剧场版 紫罗兰永恒花园,2,紫罗兰永恒花园
72942,15520,7.0,中二病也要谈恋爱！恋,2,中二病也要谈恋爱！
333158,16129,7.2,更衣人偶坠入爱河,1,更衣人偶坠入爱河
215425,9009,7.5,电影 中二病也要谈恋爱！ -Take On Me-,3,中二病也要谈恋爱！
398951,8082,7.7,更衣人偶坠入爱河 第二季,2,更衣人偶坠入爱河
207195,16653,8.2,摇曳露营△,1,摇曳露营△
302189,15660,7.6,86 -不存在的战区-,1,86 -不存在的战区-
262897,11779,8.3,摇曳露营△ 第二季,2,摇曳露营△
331887,14557,8.0,86 -不存在的战区- 第2部分,2,86 -不存在的战区-
405785,4954,6.9,摇曳露营△ 第三季,3,摇曳露营△
219200,10949,7.5,擅长捉弄的高木同学,1,擅长捉弄的高木同学
523664,2,8.0,摇曳露营△ 第四季,4,摇曳露营△
271151,8761,7.7,擅长捉弄的高木同学 第二季,2,擅长捉弄的高木同学
245665,20614,7.3,鬼灭之刃,1,鬼灭之刃
347887,7812,8.0,擅长捉弄的高木同学 第三季,3,擅长捉弄的高木同学
350764,9625,7.3,鬼灭之刃 无限列车篇,2,鬼灭之刃
347888,4088,7.7,擅长捉弄的高木同学 剧场版,4,擅长捉弄的高木同学
328195,11680,7.3,鬼灭之刃 游郭篇,3,鬼灭之刃
54433,23178,7.5,我的青春恋爱物语果然有问题,1,我的青春恋爱物语果然有问题
369768,9675,6.6,鬼灭之刃 刀匠村篇,4,鬼灭之刃
102134,18344,7.4,我的青春恋爱物语果然有问题 续,2,我的青春恋爱物语果然有问题
441939,7033,6.7,鬼灭之刃 柱训练篇,5,鬼灭之刃
277954,11464,6.7,我的青春恋爱物语果然有问题 完,3,我的青春恋爱物语果然有问题
501958,5957,7.4,剧场版 鬼灭之刃 无限城篇 第一章 猗窝座再袭,6,鬼灭之刃
507634,3037,4.1,弹珠汽水瓶里的千岁同学,1,弹珠汽水瓶里的千岁同学
501960,22,8.3,剧场版 鬼灭之刃 无限城篇 第二部,7,鬼灭之刃
584847,19,2.9,弹珠汽水瓶里的千岁同学 第2部分,2,弹珠汽水瓶里的千岁同学
501961,15,7.8,剧场版 鬼灭之刃 无限城篇 第三部,8,鬼灭之刃
364450,19354,6.3,莉可丽丝,1,莉可丽丝
147068,10672,8.3,3月的狮子,1,3月的狮子
419872,60,5.5,莉可丽丝 新作,2,莉可丽丝
211567,10094,8.8,3月的狮子 第二季,2,3月的狮子
1606,19155,8.0,凉宫春日的忧郁 2009,1,凉宫春日的忧郁 2009
325808,5496,6.3,地狱乐,1,地狱乐
3375,23466,8.7,凉宫春日的消失,2,凉宫春日的忧郁 2009
443446,590,6.7,地狱乐 第二季,2,地狱乐
49131,14877,6.7,约会大作战,1,约会大作战
115908,21331,8.3,吹响吧！上低音号,1,吹响吧！上低音号
76325,9672,6.1,约会大作战 第二季,2,约会大作战
152091,17146,8.5,吹响吧！上低音号 第二季,2,吹响吧！上低音号
228254,6581,5.1,约会大作战 第三季,3,约会大作战
216371,19179,8.6,莉兹与青鸟,3,吹响吧！上低音号
302128,5015,6.5,约会大作战 第四季,4,约会大作战
55113,14449,7.3,玉子市场,1,玉子市场
389466,3163,6.6,约会大作战 第五季,5,约会大作战
90880,15285,7.9,玉子爱情故事,2,玉子市场
551559,1,7.0,约会大作战 新项目,6,约会大作战
23686,24379,7.4,刀剑神域,1,刀剑神域
420628,10768,7.5,药屋少女的呢喃,1,药屋少女的呢喃
92382,13977,6.9,刀剑神域 第二季,2,刀剑神域
486347,6371,7.5,药屋少女的呢喃 第二季,2,药屋少女的呢喃
148099,10740,6.8,刀剑神域 序列之争,3,刀剑神域
568244,1,2.0,药屋少女的呢喃 第三季,3,药屋少女的呢喃
225604,9336,6.2,刀剑神域 爱丽丝篇,4,刀剑神域
599893,1,2.0,药屋少女的呢喃 第三季 第2部分,4,药屋少女的呢喃
279457,8045,6.1,刀剑神域 爱丽丝篇 异界战争,5,刀剑神域
509355,2342,6.5,野生的大魔王出现了！,1,野生的大魔王出现了！
292238,7133,4.8,刀剑神域 爱丽丝篇 异界战争 -终章-,6,刀剑神域
616808,0,0.0,野生的大魔王出现了！第二季,2,野生的大魔王出现了！
424379,9993,7.3,超超超超超喜欢你的100个女朋友,1,超超超超超喜欢你的100个女朋友
100403,19135,7.2,路人女主的养成方法,1,路人女主的养成方法
471793,6400,7.5,超超超超超喜欢你的100个女朋友 第二季,2,超超超超超喜欢你的100个女朋友
132734,14544,7.3,路人女主的养成方法 ♭,2,路人女主的养成方法
598058,3,9.0,超超超超超喜欢你的100个女朋友 第三季,3,超超超超超喜欢你的100个女朋友
231497,11012,7.7,路人女主的养成方法 Fine,3,路人女主的养成方法
2585,22264,7.5,某科学的超电磁炮,1,某科学的超电磁炮
502142,3313,6.9,克雷瓦提斯-魔兽之王与婴儿与尸之勇者-,1,克雷瓦提斯-魔兽之王与婴儿与尸之勇者-
51928,17302,7.6,某科学的超电磁炮S,2,某科学的超电磁炮
585820,1,7.0,克雷瓦提斯 第二季 -魔兽之王与虚伪的勇者传承-,2,克雷瓦提斯-魔兽之王与婴儿与尸之勇者-
262940,12135,7.6,某科学的超电磁炮T,3,某科学的超电磁炮
467461,15356,7.5,胆大党,1,胆大党
537743,6,9.7,某科学的超电磁炮 第四季,4,某科学的超电磁炮
529431,8017,7.3,胆大党 第二季,2,胆大党
272510,10960,7.5,街角魔族,1,街角魔族
586108,5,8.2,胆大党 第三季,3,胆大党
313852,8316,7.8,街角魔族 2丁目,2,街角魔族
2567,8134,7.4,学生会的一己之见,1,学生会的一己之见
340,11434,8.7,虫师,1,虫师
48289,4027,6.8,学生会的一己之见 Lv.2,2,学生会的一己之见
92705,4656,8.5,虫师 续章,2,虫师
390353,9611,6.5,我独自升级,1,我独自升级
106207,4222,8.6,虫师 续章 第2部分,3,虫师
487630,8788,7.4,我独自升级 第二季 -起于暗影-,2,我独自升级
120700,2406,8.2,虫师 特别篇 铃之雫,4,虫师
289,14673,8.0,寒蝉鸣泣之时,1,寒蝉鸣泣之时
288,12394,8.1,寒蝉鸣泣之时 解,2,寒蝉鸣泣之时
1326,4656,7.2,寒蝉鸣泣之时 礼,3,寒蝉鸣泣之时
14429,3282,6.7,寒蝉鸣泣之时 煌,4,寒蝉鸣泣之时
8402,13445,8.0,吊带袜天使,1,吊带袜天使
315069,12725,6.8,堀与宫村,1,堀与宫村
390555,6284,7.5,新 吊带袜天使,2,吊带袜天使
425992,4226,6.8,堀与宫村 -piece-,2,堀与宫村
74628,10840,7.1,伪恋,1,伪恋
240386,12506,8.3,冰海战记,1,冰海战记
114758,8056,7.0,伪恋：,2,伪恋
296739,7572,8.1,冰海战记 第二季,2,冰海战记
822,9802,8.3,FLCL,1,FLCL
329906,22182,7.2,间谍过家家,1,间谍过家家
175398,818,6.2,FLCL Alternative,2,FLCL
373267,13941,7.3,间谍过家家 第2部分,2,间谍过家家
375218,68,4.4,FLCL: Shoegaze,3,FLCL
411427,10192,7.2,间谍过家家 第二季,3,间谍过家家
331559,6717,7.0,剧场版 咒术回战 0,1,剧场版 咒术回战 0
498378,4729,7.3,间谍过家家 第三季,4,间谍过家家
294993,15768,7.1,咒术回战,2,剧场版 咒术回战 0
509297,8378,7.5,赛马娘 芦毛灰姑娘,1,赛马娘 芦毛灰姑娘
369304,9225,7.2,咒术回战 怀玉･玉折 / 涩谷事变,3,剧场版 咒术回战 0
530377,3436,6.7,赛马娘 芦毛灰姑娘 第2部分,2,赛马娘 芦毛灰姑娘
472741,1759,7.5,咒术回战 死灭回游 前篇,4,剧场版 咒术回战 0
158316,16227,7.8,灵能百分百,1,灵能百分百
616668,3,8.3,咒术回战 死灭回游 后篇,5,剧场版 咒术回战 0
240760,14502,8.1,灵能百分百 第二季,2,灵能百分百
498947,1403,6.1,咔嗒咔嗒,1,咔嗒咔嗒
353605,11181,8.2,灵能百分百 第三季,3,灵能百分百
614606,0,0.0,咔嗒咔嗒 第二季,2,咔嗒咔嗒
14588,8769,7.7,摇曳百合,1,摇曳百合
78405,10965,8.0,悠哉日常大王,1,悠哉日常大王
28900,7267,7.7,摇曳百合♪♪,2,摇曳百合
101442,7249,8.0,悠哉日常大王 Repeat,2,悠哉日常大王
99796,3082,7.5,摇曳百合 夏日时光！,3,摇曳百合
215618,4157,8.0,剧场版 悠哉日常大王 Vacation,3,悠哉日常大王
136311,2669,7.5,摇曳百合 夏日时光！+,4,摇曳百合
282684,6015,8.2,悠哉日常大王 Nonstop,4,悠哉日常大王
127573,4444,7.6,摇曳百合 3☆High!,5,摇曳百合
5649,10109,7.5,妄想学生会,1,妄想学生会
243787,2173,7.5,摇曳百合、,6,摇曳百合
85204,8011,7.6,妄想学生会＊,2,妄想学生会
364822,4772,4.4,关于邻家的天使大人不知不觉把我惯成了废人这档子事,1,关于邻家的天使大人不知不觉把我惯成了废人这档子事
200887,3184,7.5,剧场版 妄想学生会,3,妄想学生会
458684,27,4.6,关于邻家的天使大人不知不觉把我惯成了废人这档子事 第二季,2,关于邻家的天使大人不知不觉把我惯成了废人这档子事
295918,1980,7.5,剧场版 妄想学生会2,4,妄想学生会
126173,11792,7.7,ReLIFE,1,ReLIFE
240038,23373,7.4,青春猪头少年不会梦到兔女郎学姐,1,青春猪头少年不会梦到兔女郎学姐
213816,8423,7.7,ReLIFE 完结篇,2,ReLIFE
260680,12374,7.4,青春猪头少年不会梦到怀梦美少女,2,青春猪头少年不会梦到兔女郎学姐
345825,799,7.6,剑来,1,剑来
402656,4883,6.6,青春猪头少年不会梦到娇怜外出妹,3,青春猪头少年不会梦到兔女郎学姐
520300,123,7.4,剑来 第二季,2,剑来
426239,4297,6.9,青春猪头少年不会梦到红书包女孩,4,青春猪头少年不会梦到兔女郎学姐
5656,4951,7.3,圣诞之吻SS,1,圣诞之吻SS
467930,4248,6.9,青春猪头少年不会梦到圣诞服女郎,5,青春猪头少年不会梦到兔女郎学姐
24649,3431,7.3,圣诞之吻SS+ plus,2,圣诞之吻SS
589284,2,10.0,青春笨蛋少年不做亲爱的朋友的梦,6,青春猪头少年不会梦到兔女郎学姐
181354,15316,7.7,齐木楠雄的灾难,1,齐木楠雄的灾难
187276,18378,8.1,游戏人生 零,1,游戏人生 零
204027,10882,7.7,齐木楠雄的灾难 第二季,2,齐木楠雄的灾难
79227,24058,7.7,游戏人生,2,游戏人生 零
251831,7250,7.5,齐木楠雄的灾难 完结篇,3,齐木楠雄的灾难
239816,13688,6.6,关于我转生变成史莱姆这档事,1,关于我转生变成史莱姆这档事
278899,5414,7.4,齐木楠雄的灾难 再始动篇,4,齐木楠雄的灾难
278031,7547,6.1,关于我转生变成史莱姆这档事 第二季,2,关于我转生变成史莱姆这档事
531,4392,8.2,水星领航员,1,水星领航员
302523,6236,6.0,关于我转生变成史莱姆这档事 第二季 第2部分,3,关于我转生变成史莱姆这档事
1269,2642,8.3,水星领航员 第二季,2,水星领航员
407573,3802,5.7,关于我转生变成史莱姆这档事 第三季,4,关于我转生变成史莱姆这档事
750,1570,8.1,水星领航员 OVA ～ARIETTA～,3,水星领航员
515594,4,5.5,关于我转生变成史莱姆这档事 第四季,5,关于我转生变成史莱姆这档事
1270,2756,8.7,水星领航员 第三季,4,水星领航员
616596,0,0.0,关于我转生变成史莱姆这档事 第四季 第2部分,6,关于我转生变成史莱姆这档事
124341,1673,8.3,水星领航员 The AVVENIRE,5,水星领航员
616597,0,0.0,关于我转生变成史莱姆这档事 第四季 第3部分,7,关于我转生变成史莱姆这档事
304087,799,7.7,水星领航员 The CREPUSCOLO,6,水星领航员
616598,0,0.0,关于我转生变成史莱姆这档事 第四季 第4部分,8,关于我转生变成史莱姆这档事
329948,761,7.9,水星领航员 The BENEDIZIONE,7,水星领航员
2617,8451,7.3,天降之物,1,天降之物
88287,9732,7.4,请问您今天要来点兔子吗？,1,请问您今天要来点兔子吗？
7150,6422,7.3,天降之物f,2,天降之物
123568,8038,7.5,请问您今天要来点兔子吗？？,2,请问您今天要来点兔子吗？
12576,3295,7.2,天降之物 计时的悲伤女神,3,天降之物
181995,3237,7.4,请问您今天要来点兔子吗？？～Dear My Sister～,3,请问您今天要来点兔子吗？
86445,2533,6.8,天降之物Final 永远的我的鸟笼,4,天降之物
260772,2487,7.3,请问您今天要来点兔子吗？？～Sing for You～,4,请问您今天要来点兔子吗？
1880,8426,7.0,零之使魔,1,零之使魔
260770,4916,7.6,请问您今天要来点兔子吗？BLOOM,5,请问您今天要来点兔子吗？
1103,5782,6.9,零之使魔 双月骑士,2,零之使魔
540641,10,8.0,剧场版 请问您今天要来点兔子吗？,6,请问您今天要来点兔子吗？
763,4809,6.6,零之使魔 三美姬的轮舞,3,零之使魔
249637,11443,7.3,天使降临到了我身边！,1,天使降临到了我身边！
25823,4904,6.7,零之使魔F,4,零之使魔
320493,2481,6.8,天使降临到了我身边！Precious Friends,2,天使降临到了我身边！
43951,5889,6.9,Fate/kaleid liner 魔法少女☆伊莉雅,1,Fate/kaleid liner 魔法少女☆伊莉雅
43558,17829,7.8,JOJO的奇妙冒险,1,JOJO的奇妙冒险
83402,4722,7.1,Fate/kaleid liner 魔法少女☆伊莉雅 2wei!,2,Fate/kaleid liner 魔法少女☆伊莉雅
85631,16908,8.0,JOJO的奇妙冒险 星尘斗士,2,JOJO的奇妙冒险
113134,4236,7.1,Fate/kaleid liner 魔法少女☆伊莉雅 2wei Herz!,3,Fate/kaleid liner 魔法少女☆伊莉雅
113292,17048,8.2,JOJO的奇妙冒险 星尘斗士 埃及篇,3,JOJO的奇妙冒险
147466,3586,6.9,Fate/kaleid liner 魔法少女☆伊莉雅 3rei!!,4,Fate/kaleid liner 魔法少女☆伊莉雅
150490,14709,7.8,JOJO的奇妙冒险 不灭钻石,4,JOJO的奇妙冒险
306971,1339,6.5,剧场版 Fate/kaleid liner 魔法少女☆伊莉雅 Licht 无名的少女,5,Fate/kaleid liner 魔法少女☆伊莉雅
235128,14885,8.0,JOJO的奇妙冒险 黄金之风,5,JOJO的奇妙冒险
347191,40,7.0,Fate/kaleid liner 魔法少女☆伊莉雅 续篇,6,Fate/kaleid liner 魔法少女☆伊莉雅
332261,9588,7.2,JOJO的奇妙冒险 石之海,6,JOJO的奇妙冒险
3425,8669,7.6,火影忍者,1,火影忍者
375913,6274,7.0,JOJO的奇妙冒险 石之海 第2部分,7,JOJO的奇妙冒险
2782,7624,7.6,火影忍者疾风传,2,火影忍者
395782,5771,7.1,JOJO的奇妙冒险 石之海 第3部分,8,JOJO的奇妙冒险
202661,1773,4.5,博人传-火影次世代-,3,火影忍者
127563,20823,8.0,一拳超人,1,一拳超人
423621,2,2.5,博人传-火影次世代- 第二部,4,火影忍者
193619,8624,6.5,一拳超人 第二季,2,一拳超人
100205,4456,5.8,新妹魔王的契约者,1,新妹魔王的契约者
285757,2660,4.5,一拳超人 第三季,3,一拳超人
128885,2311,5.9,新妹魔王的契约者 BURST,2,新妹魔王的契约者
618527,0,0.0,一拳超人 第三季 第2部分,4,一拳超人
228625,981,5.9,新妹魔王的契约者 DEPARTURES,3,新妹魔王的契约者
93714,13581,6.8,东京喰种,1,东京喰种
772,15606,8.0,福音战士新剧场版：序,1,福音战士新剧场版：序
115292,7615,5.9,东京喰种√A,2,东京喰种
3302,17355,8.4,福音战士新剧场版：破,2,福音战士新剧场版：序
148481,4731,5.5,东京喰种:re,3,东京喰种
22505,12015,7.4,福音战士新剧场版：Q,3,福音战士新剧场版：序
244878,4126,5.6,东京喰种:re 第二季,4,东京喰种
29883,13875,8.4,新・福音战士剧场版：终,4,福音战士新剧场版：序
580872,980,7.3,链锯人 总集篇,1,链锯人 总集篇
376137,3694,6.4,异世界悠闲农家,1,异世界悠闲农家
470660,11054,8.4,剧场版 链锯人 蕾塞篇,2,链锯人 总集篇
575057,0,0.0,异世界悠闲农家 第二季,2,异世界悠闲农家
616930,1,10.0,链锯人 刺客篇,3,链锯人 总集篇
271687,10147,6.3,虚构推理,1,虚构推理
5976,8241,7.2,只有神知道的世界,1,只有神知道的世界
320839,4374,6.6,虚构推理 第二季,2,虚构推理
10739,6111,7.3,只有神知道的世界 第二季,2,只有神知道的世界
50,4939,7.8,机动战士高达,1,机动战士高达
46014,2952,7.1,只有神知道的世界 天理篇,3,只有神知道的世界
9622,5044,8.5,机动战士Z高达,2,机动战士高达
56112,4910,7.3,只有神知道的世界 女神篇,4,只有神知道的世界
4213,1977,7.0,机动战士高达ZZ,3,机动战士高达
1600,5254,7.3,死神,1,死神
4583,4863,8.5,机动战士高达 逆袭的夏亚,4,机动战士高达
302286,4460,7.9,死神 千年血战篇,2,死神
3113,3884,7.5,机动战士高达UC,5,机动战士高达
412916,3006,7.5,死神 千年血战篇-诀别谭-,3,死神
243428,1159,5.0,机动战士高达NT,6,机动战士高达
457326,2122,7.4,死神 千年血战篇-相克谭-,4,死神
243429,5319,7.9,机动战士高达 闪光的哈萨维,7,机动战士高达
530725,9,9.1,死神 千年血战篇-祸进谭-,5,死神
243430,114,7.3,机动战士高达 闪光的哈萨维 喀耳刻的魔女,8,机动战士高达
212003,11220,7.0,赛马娘 Pretty Derby,1,赛马娘 Pretty Derby
243431,0,0.0,机动战士高达 闪光的哈萨维 第3部,9,机动战士高达
315574,17013,8.4,赛马娘 Pretty Derby 第二季,2,赛马娘 Pretty Derby
243432,0,0.0,机动战士高达UC2,10,机动战士高达
407332,4609,5.0,赛马娘 Pretty Derby 第三季,3,赛马娘 Pretty Derby
496617,3770,5.7,坂本日常,1,坂本日常
481410,3201,6.3,叹气的亡灵想隐退,1,叹气的亡灵想隐退
524005,1522,6.1,坂本日常 第2部分,2,坂本日常
530290,1890,6.8,叹气的亡灵想隐退 第2部分,2,叹气的亡灵想隐退
616760,4,7.3,坂本日常 第二季,3,坂本日常
17883,10309,6.8,我的朋友很少,1,我的朋友很少
315,9708,8.2,钢之炼金术师,1,钢之炼金术师
46011,6878,6.7,我的朋友很少NEXT,2,我的朋友很少
1935,2982,7.3,钢之炼金术师 香巴拉的征服者,2,钢之炼金术师
120187,16087,6.8,干物妹！小埋,1,干物妹！小埋
16235,14958,7.2,未来日记,1,未来日记
212775,9606,6.7,干物妹！小埋R,2,干物妹！小埋
76194,2553,6.8,未来日记Redial,2,未来日记
847,5620,8.4,蜂蜜与四叶草,1,蜂蜜与四叶草
105075,9296,7.4,血界战线,1,血界战线
848,4356,8.5,蜂蜜与四叶草II,2,蜂蜜与四叶草
199392,6528,7.5,血界战线 & BEYOND,2,血界战线
2790,5797,7.6,好想告诉你,1,好想告诉你
292222,6417,6.2,魔王学院的不适任者～史上最强的魔王始祖，转生就读子孙们的学校～,1,魔王学院的不适任者～史上最强的魔王始祖，转生就读子孙们的学校～
9757,4303,7.6,好想告诉你 第二季,2,好想告诉你
330054,2840,5.8,魔王学院的不适任者～史上最强的魔王始祖，转生就读子孙们的学校～ 第二季,2,魔王学院的不适任者～史上最强的魔王始祖，转生就读子孙们的学校～
453140,640,7.3,好想告诉你 第三季,3,好想告诉你
455981,1452,5.4,魔王学院的不适任者～史上最强的魔王始祖，转生就读子孙们的学校～ 第二季 第2部分,3,魔王学院的不适任者～史上最强的魔王始祖，转生就读子孙们的学校～
1444,6656,7.5,天才麻将少女,1,天才麻将少女
38040,5769,7.2,Little Busters!,1,Little Busters!
52606,4295,7.4,天才麻将少女 全国篇,2,天才麻将少女
69484,4731,7.8,Little Busters! 〜Refrain〜,2,Little Busters!
479477,5354,6.1,杖与剑的魔剑谭,1,杖与剑的魔剑谭
186515,4711,6.4,BanG Dream!,1,BanG Dream!
515856,4,7.3,杖与剑的魔剑谭 第二季,2,杖与剑的魔剑谭
246429,4058,7.3,BanG Dream! 第二季,2,BanG Dream!
283,6690,7.6,南家三姐妹,1,南家三姐妹
246430,3375,7.4,BanG Dream! 第三季,3,BanG Dream!
890,3647,7.0,南家三姐妹 再来一碗,2,南家三姐妹
305059,1049,7.1,剧场版 BanG Dream! Poppin'Dream！,4,BanG Dream!
889,3686,7.2,南家三姐妹 欢迎回来,3,南家三姐妹
380448,7363,7.5,赛马娘 Pretty Derby 巅峰之路,1,赛马娘 Pretty Derby 巅峰之路
47685,4264,7.6,南家三姐妹 我回来了,4,南家三姐妹
472620,3731,7.5,赛马娘 Pretty Derby 新时代之门,2,赛马娘 Pretty Derby 巅峰之路
502928,2,9.0,南家三姐妹 从今以后,5,南家三姐妹
440,4346,8.0,校园迷糊大王,1,校园迷糊大王
460306,6179,6.8,青之箱,1,青之箱
1878,2875,7.8,校园迷糊大王 二学期,2,校园迷糊大王
548156,1,10.0,青之箱 第二季,2,青之箱
1879,1528,7.2,校园迷糊大王 三学期,3,校园迷糊大王
489820,5592,7.5,乱马1/2,1,乱马1/2
393238,3616,6.4,拥有超常技能的异世界流浪美食家,1,拥有超常技能的异世界流浪美食家
529966,2447,7.3,乱马1/2 第二季,2,乱马1/2
462459,1330,6.6,拥有超常技能的异世界流浪美食家 第二季,2,拥有超常技能的异世界流浪美食家
605,4909,8.3,棋魂,1,棋魂
496086,3213,6.8,光死去的夏天,1,光死去的夏天
36271,923,7.6,棋魂特别篇 迈向北斗杯之路,2,棋魂
589302,0,0.0,光死去的夏天 第二季,2,光死去的夏天
231722,6322,7.0,邪神与厨二病少女,1,邪神与厨二病少女
266301,3989,7.6,异兽魔都,1,异兽魔都
272188,5301,7.3,邪神与厨二病少女’,2,邪神与厨二病少女
474371,5,7.0,异兽魔都 第二季,2,异兽魔都
316131,3371,6.6,邪神与厨二病少女 X,3,邪神与厨二病少女
805,5158,7.4,濑户的花嫁,1,濑户的花嫁
433729,801,5.8,邪神与厨二病少女【世纪末篇】,4,邪神与厨二病少女
3070,1458,7.3,濑户的花嫁 OVA,2,濑户的花嫁
407133,4354,6.4,转生为第七王子，随心所欲的魔法学习之路,1,转生为第七王子，随心所欲的魔法学习之路
15910,5757,6.9,恶魔高校 D×D,1,恶魔高校 D×D
499656,2252,6.4,转生为第七王子，随心所欲的魔法学习之路 第二季,2,转生为第七王子，随心所欲的魔法学习之路
48700,3623,6.9,恶魔高校 D×D NEW,2,恶魔高校 D×D
112146,14016,6.9,OVERLORD,1,OVERLORD
106212,2698,6.7,恶魔高校 D×D BorN,3,恶魔高校 D×D
211027,10595,6.6,OVERLORD 第二季,2,OVERLORD
195845,1781,6.3,恶魔高校 D×D HERO,4,恶魔高校 D×D
242170,9210,6.4,OVERLORD 第三季,3,OVERLORD
282,11570,7.8,狼与香辛料,1,狼与香辛料
335389,7035,6.6,OVERLORD 第四季,4,OVERLORD
1512,8192,7.8,狼与香辛料 第二季,2,狼与香辛料
335390,1943,5.6,剧场版 OVERLORD 圣王国篇,5,OVERLORD
256114,10620,6.0,五等分的新娘,1,五等分的新娘
41658,5477,7.1,向山进发,1,向山进发
282000,6400,6.6,五等分的新娘∬,2,五等分的新娘
86670,4044,7.6,向山进发 第二季,2,向山进发
427233,2666,6.6,五等分的新娘∽,3,五等分的新娘
216310,3645,7.7,向山进发 第三季,3,向山进发
331489,2940,6.8,电影 五等分的新娘,4,五等分的新娘
290980,3751,8.0,向山进发 Next Summit,4,向山进发
492352,1141,5.7,五等分的新娘＊,5,五等分的新娘
214272,14799,6.2,欢迎来到实力至上主义的教室,1,欢迎来到实力至上主义的教室
812,9914,7.8,剧场版 空之境界 第二章 杀人考察（前）,1,剧场版 空之境界 第二章 杀人考察（前）
371546,7071,5.8,欢迎来到实力至上主义的教室 第二季,2,欢迎来到实力至上主义的教室
766,9373,7.7,剧场版 空之境界 第四章 伽蓝之洞,2,剧场版 空之境界 第二章 杀人考察（前）
373266,4877,5.9,欢迎来到实力至上主义的教室 第三季,3,欢迎来到实力至上主义的教室
767,10445,7.9,剧场版 空之境界 第三章 痛觉残留,3,剧场版 空之境界 第二章 杀人考察（前）
510710,40,5.6,欢迎来到实力至上主义教室 第四季,4,欢迎来到实力至上主义的教室
233,11597,7.9,剧场版 空之境界 第一章 俯瞰风景,4,剧场版 空之境界 第二章 杀人考察（前）
544624,77,6.6,少女与战车 lovelove大作战！ 第1幕,1,少女与战车 lovelove大作战！ 第1幕
1333,11935,8.4,剧场版 空之境界 第五章 矛盾螺旋,5,剧场版 空之境界 第二章 杀人考察（前）
544626,15,7.1,少女与战车 lovelove大作战！ 第2幕,2,少女与战车 lovelove大作战！ 第1幕
2225,8016,7.3,剧场版 空之境界 第六章 忘却录音,6,剧场版 空之境界 第二章 杀人考察（前）
544627,5,7.4,少女与战车 lovelove大作战！ 第3幕,3,少女与战车 lovelove大作战！ 第1幕
3423,9484,8.0,剧场版 空之境界 第七章 杀人考察（后）,7,剧场版 空之境界 第二章 杀人考察（前）
544628,1,7.0,少女与战车 lovelove大作战！ 第4幕,4,少女与战车 lovelove大作战！ 第1幕
11629,6327,7.4,剧场版 空之境界 终章 空之境界,8,剧场版 空之境界 第二章 杀人考察（前）
4243,612,7.2,光之美少女,1,光之美少女
357961,10580,7.7,跃动青春,1,跃动青春
15946,283,6.7,光之美少女 Max Heart,2,光之美少女
529367,5,8.6,跃动青春 第二季,2,跃动青春
15957,273,7.1,光之美少女 Splash Star,3,光之美少女
1940,10787,8.2,魔卡少女樱,1,魔卡少女樱
15007,348,6.6,Yes! 光之美少女5,4,光之美少女
212240,1189,7.1,魔卡少女樱 透明牌篇 序幕 小樱与两人的小熊,2,魔卡少女樱
15958,305,6.8,Yes! 光之美少女5 GoGo!,5,光之美少女
183891,3618,7.1,魔卡少女樱 透明牌篇,3,魔卡少女樱
1109,391,7.2,Fresh 光之美少女！,6,光之美少女
427235,29,7.2,魔卡少女樱 透明牌篇 续篇,4,魔卡少女樱
4124,1330,8.1,Heart Catch 光之美少女！,7,光之美少女
3892,6301,7.9,赌博默示录,1,赌博默示录
11779,430,6.8,Suite 光之美少女♪,8,光之美少女
12317,4344,7.8,赌博默示录 破戒录篇,2,赌博默示录
27332,631,7.3,Smile 光之美少女！,9,光之美少女
106818,10791,7.4,暗杀教室,1,暗杀教室
55100,683,6.7,心跳！光之美少女,10,光之美少女
131891,7750,7.7,暗杀教室 第二季,2,暗杀教室
88348,377,5.7,Happiness Charge 光之美少女！,11,光之美少女
175457,3088,6.7,一人之下,1,一人之下
119279,628,7.8,Go! Princess 光之美少女,12,光之美少女
206925,2480,7.1,一人之下 第二季,2,一人之下
159826,670,7.5,魔法使光之美少女！,13,光之美少女
285784,1512,6.9,一人之下3·入世篇,3,一人之下
196053,269,6.2,光之美少女 食尚甜心,14,光之美少女
312310,1122,7.1,一人之下4 出发！碧游村,4,一人之下
228046,674,7.7,拥抱！光之美少女,15,光之美少女
360773,939,7.3,一人之下5 决战！碧游村,5,一人之下
264588,353,6.4,Star☆Twinkle 光之美少女,16,光之美少女
507819,78,6.5,一人之下 第六季,6,一人之下
297094,256,6.4,Healin' Good ♥ 光之美少女,17,光之美少女
993,4270,7.4,白色相簿,1,白色相簿
320857,347,7.3,热情闪耀！光之美少女,18,光之美少女
2586,3005,7.4,白色相簿-后半,2,白色相簿
364932,229,5.1,美味派对♡光之美少女,19,光之美少女
301541,10355,6.3,总之就是非常可爱,1,总之就是非常可爱
409323,512,5.7,开阔天空！光之美少女,20,光之美少女
355798,3616,6.3,总之就是非常可爱 第二季,2,总之就是非常可爱
467784,340,6.2,美妙宠物 光之美少女！,21,光之美少女
441233,1538,6.4,总之就是非常可爱 女子高中篇,3,总之就是非常可爱
526104,320,4.9,Idol光之美少女你与我♪,22,光之美少女
91205,6124,7.9,高分少女,1,高分少女
611077,408,6.6,名侦探光之美少女！,23,光之美少女
262277,3129,7.9,高分少女 EXTRA STAGE,2,高分少女
410346,4367,6.7,2.5次元的诱惑,1,2.5次元的诱惑
278569,5048,8.1,高分少女 第二季,3,高分少女
528495,6,8.5,2.5次元的诱惑 第二季,2,2.5次元的诱惑
49278,13588,6.8,境界的彼方,1,境界的彼方
474906,7077,6.2,小市民系列,1,小市民系列
118908,4754,6.7,境界的彼方 -I'LL BE HERE- 未来篇,2,境界的彼方
513018,4330,7.3,小市民系列 第二季,2,小市民系列
1014,15159,6.7,魔法禁书目录,1,魔法禁书目录
266794,8477,7.2,石纪元,1,石纪元
7843,12241,6.7,魔法禁书目录 第二季,2,魔法禁书目录
296261,5317,7.1,石纪元 石之战争,2,石纪元
226540,7041,5.4,魔法禁书目录 第三季,3,魔法禁书目录
331479,3169,7.1,石纪元 龙水,3,石纪元
3326,13327,7.4,笨蛋，测验，召唤兽,1,笨蛋，测验，召唤兽
363101,3772,7.2,石纪元 新世界,4,石纪元
12496,4355,7.3,笨蛋，测验，召唤兽 ～祭～,2,笨蛋，测验，召唤兽
424372,3556,7.4,石纪元 新世界 第2部分,5,石纪元
11145,10870,7.5,笨蛋，测验，召唤兽2,3,笨蛋，测验，召唤兽
471578,2701,7.3,石纪元 科学与未来,6,石纪元
218712,11369,7.1,SSSS.古立特,1,SSSS.古立特
508003,2225,7.5,石纪元 科学与未来 第2部分,7,石纪元
362335,6493,7.8,古立特宇宙,2,SSSS.古立特
508004,49,7.7,石纪元 科学与未来 第3部分,8,石纪元
292,9701,7.9,DARKER THAN BLACK -黑之契约者-,1,DARKER THAN BLACK -黑之契约者-
335225,6180,7.0,古见同学有交流障碍症,1,古见同学有交流障碍症
3960,4457,7.6,DARKER THAN BLACK -黑之契约者- 外传,2,DARKER THAN BLACK -黑之契约者-
363242,3914,7.3,古见同学有交流障碍症 第二季,2,古见同学有交流障碍症
2354,5710,7.4,DARKER THAN BLACK -流星的双子-,3,DARKER THAN BLACK -黑之契约者-
424883,12359,5.5,不时轻声地以俄语遮羞的邻座艾莉同学,1,不时轻声地以俄语遮羞的邻座艾莉同学
696,2696,8.1,剑风传奇,1,剑风传奇
513725,40,5.3,不时轻声地以俄语遮羞的邻座艾莉同学 第二季,2,不时轻声地以俄语遮羞的邻座艾莉同学
162040,1621,6.8,剑风传奇,2,剑风传奇
2463,13765,7.9,无头骑士异闻录,1,无头骑士异闻录
192906,1110,7.0,剑风传奇 次篇,3,剑风传奇
99941,5473,7.4,无头骑士异闻录×2 承,2,无头骑士异闻录
267732,5840,6.7,君主·埃尔梅罗二世事件簿 魔眼收集列车 Grace note,1,君主·埃尔梅罗二世事件簿 魔眼收集列车 Grace note
114967,4435,7.2,无头骑士异闻录×2 转,3,无头骑士异闻录
340842,1725,6.6,君主·埃尔梅罗二世事件簿 魔眼收集列车 特别篇,2,君主·埃尔梅罗二世事件簿 魔眼收集列车 Grace note
114968,4030,7.2,无头骑士异闻录×2 结,4,无头骑士异闻录
5436,16870,7.1,我的妹妹哪有这么可爱！,1,我的妹妹哪有这么可爱！
221127,4247,7.5,黄金神威,1,黄金神威
37898,12942,6.9,我的妹妹哪有这么可爱。,2,我的妹妹哪有这么可爱！
251547,3322,7.7,黄金神威 第二季,2,黄金神威
296367,11970,7.5,SSSS.电光机王,1,SSSS.电光机王
285901,3358,8.1,黄金神威 第三季,3,黄金神威
11577,8335,8.3,偶像大师,1,偶像大师
361095,1897,7.7,黄金神威 第四季,4,黄金神威
64172,3978,8.0,偶像大师 剧场版 向着光辉的彼岸！,2,偶像大师
443106,245,7.6,黄金神威 最终章,5,黄金神威
66785,68,7.6,偶像大师 MILLION LIVE!,3,偶像大师
252655,14188,7.8,佐贺偶像是传奇,1,佐贺偶像是传奇
211088,355,7.9,偶像大师 MILLION LIVE! THEATER DAYS,4,偶像大师
287488,8793,7.8,佐贺偶像是传奇 复仇,2,佐贺偶像是传奇
140001,22828,7.4,Re：从零开始的异世界生活,1,Re：从零开始的异世界生活
353181,297,7.9,佐贺偶像是传奇 梦想银河乐园,3,佐贺偶像是传奇
278826,14492,7.4,Re：从零开始的异世界生活 第二季,2,Re：从零开始的异世界生活
203526,18213,8.2,来自深渊,1,来自深渊
316247,12400,7.6,Re：从零开始的异世界生活 第二季 后半部分,3,Re：从零开始的异世界生活
230914,10538,7.9,来自深渊 深沉灵魂的黎明,2,来自深渊
425998,7372,7.2,Re：从零开始的异世界生活 第三季 袭击篇,4,Re：从零开始的异世界生活
298477,12917,8.3,来自深渊 烈日的黄金乡,3,来自深渊
510728,5802,7.0,Re：从零开始的异世界生活 第三季 反击篇,5,Re：从零开始的异世界生活
415482,9,9.0,来自深渊 觉醒的神秘,4,来自深渊
547888,32,7.0,Re：从零开始的异世界生活 第四季,6,Re：从零开始的异世界生活
235130,16875,7.9,碧蓝之海,1,碧蓝之海
515880,7930,7.3,碧蓝之海 第二季,2,碧蓝之海
569116,4,9.0,碧蓝之海 第三季,3,碧蓝之海
849,6753,6.9,出包王女,1,出包王女
329114,12667,7.1,想要成为影之实力者！,1,想要成为影之实力者！
3325,3096,7.1,出包王女 OVA,2,出包王女
419846,9702,7.3,想要成为影之实力者！ 第二季,2,想要成为影之实力者！
8546,4124,7.2,更多 出包王女,3,出包王女
471345,31,8.2,剧场版 想要成为影之实力者！ 残响篇,3,想要成为影之实力者！
37694,5657,7.4,出包王女Darkness,4,出包王女
292970,15989,7.2,魔女之旅,1,魔女之旅
120763,3932,7.4,出包王女Darkness 第二季,5,出包王女
619632,0,0.0,魔女之旅 新作剧场版动画,2,魔女之旅
55770,29803,8.2,进击的巨人,1,进击的巨人
386809,19925,7.4,【我推的孩子】,1,【我推的孩子】
118335,20674,8.1,进击的巨人 第二季,2,进击的巨人
443428,11562,7.2,【我推的孩子】 第二季,2,【我推的孩子】
217300,19625,8.3,进击的巨人 第三季,3,进击的巨人
517057,1917,7.0,【我推的孩子】 第三季,3,【我推的孩子】
263750,22054,8.7,进击的巨人 第三季 Part.2,4,进击的巨人
265,32681,8.7,新世纪福音战士,1,新世纪福音战士
285666,14346,7.7,进击的巨人 最终季,5,进击的巨人
6049,20832,8.9,新世纪福音战士剧场版 Air/真心为你,2,新世纪福音战士
331752,12333,7.7,进击的巨人 最终季 Part.2,6,进击的巨人
394260,14773,7.8,我心里危险的东西,1,我心里危险的东西
376739,10008,7.7,进击的巨人 最终季 完结篇 前篇,7,进击的巨人
441795,12937,8.3,我心里危险的东西 第二季,2,我心里危险的东西
415779,10059,7.6,进击的巨人 最终季 完结篇 后篇,8,进击的巨人
328609,38212,8.4,孤独摇滚！,1,孤独摇滚！
10380,38347,8.8,命运石之门,1,命运石之门
537409,34,6.4,孤独摇滚！第二季,2,孤独摇滚！
129807,15188,8.2,命运石之门 0,2,命运石之门
975,14088,8.3,航海王,1,航海王
357962,5129,6.0,魔都精兵的奴隶,1,魔都精兵的奴隶
602059,1,10.0,航海王 埃鲁巴夫篇,2,航海王
486054,800,6.5,魔都精兵的奴隶 第二季,2,魔都精兵的奴隶
400602,33653,8.5,葬送的芙莉莲,1,葬送的芙莉莲
324,10995,9.1,攻壳机动队 STAND ALONE COMPLEX,1,攻壳机动队 STAND ALONE COMPLEX
515759,3660,7.8,葬送的芙莉莲 第二季,2,葬送的芙莉莲
326,9612,9.2,攻壳机动队 S.A.C. 2nd GIG,2,攻壳机动队 STAND ALONE COMPLEX
506672,5944,6.9,魔女与使魔,1,魔女与使魔
320,3744,8.4,攻壳机动队 S.A.C. Solid State Society,3,攻壳机动队 STAND ALONE COMPLEX
592175,0,0.0,魔女与使魔 第二季,2,魔女与使魔
212610,1564,7.2,攻壳机动队 SAC_2045,4,攻壳机动队 STAND ALONE COMPLEX
82572,11868,7.1,野良神,1,野良神
304727,821,6.8,攻壳机动队 SAC_2045 第二季,5,攻壳机动队 STAND ALONE COMPLEX
129988,8291,7.1,野良神 ARAGOTO,2,野良神
511126,1177,5.1,脱离了A级队伍的我，和从前的徒弟们前往迷宫深处。,1,脱离了A级队伍的我，和从前的徒弟们前往迷宫深处。
231414,5577,5.0,平凡职业造就世界最强,1,平凡职业造就世界最强
567062,0,0.0,脱离了A级队伍的我，和从前的徒弟们前往迷宫深处。 第二季,2,脱离了A级队伍的我，和从前的徒弟们前往迷宫深处。
292316,2929,5.8,平凡职业造就世界最强 第二季,2,平凡职业造就世界最强
167655,6844,7.2,幼女战记,1,幼女战记
400576,1503,5.4,平凡职业造就世界最强 第三季,3,平凡职业造就世界最强
234771,2796,7.1,剧场版 幼女战记,2,幼女战记
928,3764,7.8,现视研,1,现视研
339515,81,7.4,幼女战记 第二季,3,幼女战记
1220,1845,7.5,现视研 OVA,2,现视研
808,5400,7.4,旋风管家,1,旋风管家
1219,2835,7.8,现视研2,3,现视研
1427,3357,7.3,旋风管家 第二季,2,旋风管家
91252,794,7.1,现视研 二代目 OAD,4,现视研
17792,1142,6.5,旋风管家 HEAVEN IS A PLACE ON EARTH,3,旋风管家
71802,2249,7.4,现视研 二代目,5,现视研
22562,1644,6.2,旋风管家 CAN'T TAKE MY EYES OFF YOU,4,旋风管家
116287,9066,6.8,在地下城寻求邂逅是否搞错了什么,1,在地下城寻求邂逅是否搞错了什么
58709,1511,6.5,旋风管家 Cuties,5,旋风管家
238004,5796,6.6,在地下城寻求邂逅是否搞错了什么 第二季,2,在地下城寻求邂逅是否搞错了什么
99810,423,6.5,旋风管家 OAD,6,旋风管家
291412,4568,6.6,在地下城寻求邂逅是否搞错了什么 第三季,3,在地下城寻求邂逅是否搞错了什么
296659,5804,7.5,Love Live! 虹咲学园校园偶像同好会,1,Love Live! 虹咲学园校园偶像同好会
326874,3417,6.5,在地下城寻求邂逅是否搞错了什么 第四季 新章 迷宫篇,4,在地下城寻求邂逅是否搞错了什么
335579,4228,7.4,Love Live! 虹咲学园校园偶像同好会 第二季,2,Love Live! 虹咲学园校园偶像同好会
402223,3446,7.2,在地下城寻求邂逅是否搞错了什么 第四季 深章 灾厄篇,5,在地下城寻求邂逅是否搞错了什么
408883,1225,6.8,LoveLive！虹咲学园学园偶像同好会 NEXT SKY,3,Love Live! 虹咲学园校园偶像同好会
463778,2975,7.2,在地下城寻求邂逅是否搞错了什么 第五季 丰饶的女神篇,6,在地下城寻求邂逅是否搞错了什么
442614,607,6.7,电影 Love Live! 虹咲学园校园偶像同好会 完结篇 第1章,4,Love Live! 虹咲学园校园偶像同好会
626121,0,0.0,在地下城寻求邂逅是否搞错了什么 第六季,7,在地下城寻求邂逅是否搞错了什么
442615,56,7.3,电影 Love Live! 虹咲学园校园偶像同好会 完结篇 第2章,5,Love Live! 虹咲学园校园偶像同好会
57978,4297,7.3,黄金拼图,1,黄金拼图
442616,2,8.0,电影 Love Live! 虹咲学园校园偶像同好会 完结篇 最终章,6,Love Live! 虹咲学园校园偶像同好会
100405,2969,7.3,HELLO!! 黄金拼图,2,黄金拼图
390794,2720,6.7,黑暗集会,1,黑暗集会
175532,1440,7.1,黄金拼图 Pretty Days,3,黄金拼图
601910,0,0.0,黑暗集会 第二季,2,黑暗集会
302373,932,7.4,剧场版 黄金拼图 谢谢你!!,4,黄金拼图
490,9247,7.2,灼眼的夏娜,1,灼眼的夏娜
225462,5090,6.9,Re：从零开始的异世界生活 雪之回忆,1,Re：从零开始的异世界生活 雪之回忆
491,6270,7.0,灼眼的夏娜II,2,灼眼的夏娜
261805,4245,6.7,Re：从零开始的异世界生活 冰结之绊,2,Re：从零开始的异世界生活 雪之回忆
3110,3351,7.1,灼眼的夏娜S,3,灼眼的夏娜
2784,5057,7.7,犬夜叉,1,犬夜叉
18631,5415,7.1,灼眼的夏娜III -Final-,4,灼眼的夏娜
2785,2794,7.6,犬夜叉 完结篇,2,犬夜叉
237,12223,8.8,攻壳机动队,1,攻壳机动队
306193,697,4.4,半妖的夜叉姬,3,犬夜叉
238,7882,8.7,攻壳机动队2 无罪,2,攻壳机动队
331164,237,4.8,半妖的夜叉姬 第二季,4,犬夜叉
9774,7322,6.8,这个是僵尸吗？,1,这个是僵尸吗？
236224,4344,5.9,异世界魔王与召唤少女的奴隶魔术,1,异世界魔王与召唤少女的奴隶魔术
18797,4775,6.9,这个是僵尸吗？OF THE DEAD,2,这个是僵尸吗？
303864,2397,5.8,异世界魔王与召唤少女的奴隶魔术Ω,2,异世界魔王与召唤少女的奴隶魔术
506258,2391,5.6,乡下大叔成为剑圣,1,乡下大叔成为剑圣
328313,7978,6.1,世界顶尖的暗杀者转生为异世界贵族,1,世界顶尖的暗杀者转生为异世界贵族
565701,0,0.0,乡下大叔成为剑圣 第二季,2,乡下大叔成为剑圣
456077,6,7.0,世界顶尖的暗杀者转生为异世界贵族 第二季,2,世界顶尖的暗杀者转生为异世界贵族
334,5728,7.6,全金属狂潮,1,全金属狂潮
243916,11758,7.6,约定的梦幻岛,1,约定的梦幻岛
337,4622,7.8,全金属狂潮 The Second Raid,2,全金属狂潮
279202,3526,3.4,约定的梦幻岛 第二季,2,约定的梦幻岛
150246,2224,7.0,全金属狂潮 Invisible Victory,3,全金属狂潮
198395,6570,6.7,One Room,1,One Room
238006,8251,6.7,哥布林杀手,1,哥布林杀手
226507,4787,6.8,One Room 第二季,2,One Room
278661,2740,6.3,哥布林杀手 哥布林的王冠,2,哥布林杀手
301233,4115,7.0,One Room 第三季,3,One Room
326867,3597,6.1,哥布林杀手 第二季,3,哥布林杀手
529198,0,0.0,PROJECT OneLeaf,4,One Room
448478,6431,7.9,失忆投捕,1,失忆投捕
64140,6697,7.4,记录的地平线,1,记录的地平线
523842,1,8.0,失忆投捕 第二季,2,失忆投捕
100517,4406,7.2,记录的地平线 第二季,2,记录的地平线
262943,4592,6.1,喜欢本大爷的竟然就你一个？,1,喜欢本大爷的竟然就你一个？
298698,2271,6.8,记录的地平线 圆桌崩坏,3,记录的地平线
297225,1445,6.5,喜欢本大爷的竟然就你一个？～我们的比赛结束～,2,喜欢本大爷的竟然就你一个？
6048,9881,8.1,新世纪福音战士剧场版 死与新生,1,新世纪福音战士剧场版 死与新生
390980,6819,6.4,香格里拉·弗陇提亚～屎作猎人向神作发起挑战～,1,香格里拉·弗陇提亚～屎作猎人向神作发起挑战～
264089,7402,6.6,转生成为了只有乙女游戏破灭Flag的邪恶大小姐,1,转生成为了只有乙女游戏破灭Flag的邪恶大小姐
487684,2913,6.5,香格里拉·弗陇提亚～屎作猎人向神作发起挑战～ 第二季,2,香格里拉·弗陇提亚～屎作猎人向神作发起挑战～
309056,3478,6.3,转生成为了只有乙女游戏破灭Flag的邪恶大小姐X,2,转生成为了只有乙女游戏破灭Flag的邪恶大小姐
548905,8,7.0,香格里拉·弗陇提亚～屎作猎人向神作发起挑战～ 第三季,3,香格里拉·弗陇提亚～屎作猎人向神作发起挑战～
349223,583,6.0,剧场版 转生成为了只有乙女游戏破灭Flag的邪恶大小姐,3,转生成为了只有乙女游戏破灭Flag的邪恶大小姐
292969,5848,6.3,打了300年的史莱姆，不知不觉就练到了满级,1,打了300年的史莱姆，不知不觉就练到了满级
372010,4095,7.3,狼与香辛料 行商邂逅贤狼,1,狼与香辛料 行商邂逅贤狼
364844,2148,6.0,打了300年的史莱姆，不知不觉就练到了满级 第二季,2,打了300年的史莱姆，不知不觉就练到了满级
514926,26,8.4,狼与香辛料 行商邂逅贤狼 第二季,2,狼与香辛料 行商邂逅贤狼
1704,5562,8.4,猎人,1,猎人
979,5845,7.8,黑礁,1,黑礁
10356,1741,8.2,猎人 OVA,2,猎人
980,4947,7.9,黑礁 The Second Barrage,2,黑礁
10357,1287,7.8,猎人 OVA2 贪婪大陆,3,猎人
6985,3286,7.7,黑礁 Roberta’s Blood Trail,3,黑礁
10358,1199,7.8,猎人 OVA3 贪婪大陆 最终季,4,猎人
67376,5477,7.1,灰色的果实,1,灰色的果实
24508,8549,7.0,潜行吧！奈亚子,1,潜行吧！奈亚子
121187,4213,7.2,灰色的迷宫,2,灰色的果实
58015,5651,7.0,潜行吧！奈亚子W,2,潜行吧！奈亚子
130234,4642,7.3,灰色的乐园,3,灰色的果实
111081,2083,6.9,潜行吧！奈亚子F,3,潜行吧！奈亚子
316607,10492,6.8,奇蛋物语,1,奇蛋物语
8484,1413,7.8,机动警察,1,机动警察
331935,3535,3.5,奇蛋物语 特别篇,2,奇蛋物语
13552,909,8.2,机动警察 NEW OVA,2,机动警察
4255,6938,7.5,迷糊餐厅,1,迷糊餐厅
217071,4,6.3,机动警察 EZY 第一章,3,机动警察
20547,5706,7.6,迷糊餐厅 第二季,2,迷糊餐厅
622412,0,0.0,机动警察 EZY 第二章,4,机动警察
110648,4108,7.5,迷糊餐厅 第三季,3,迷糊餐厅
622413,0,0.0,机动警察 EZY 第三章,5,机动警察
319513,3950,6.0,女友成堆,1,女友成堆
93377,6010,8.4,瑞克和莫蒂 第一季,1,瑞克和莫蒂 第一季
398949,2095,6.5,女友成堆 第二季,2,女友成堆
141530,4945,8.4,瑞克和莫蒂 第二季,2,瑞克和莫蒂 第一季
50814,12345,7.1,打工吧！魔王大人,1,打工吧！魔王大人
146457,5144,8.5,瑞克和莫蒂 第三季,3,瑞克和莫蒂 第一季
330057,2828,5.4,打工吧！！魔王大人,2,打工吧！魔王大人
246238,3190,8.0,瑞克和莫蒂 第四季,4,瑞克和莫蒂 第一季
403225,1278,4.7,打工吧！！魔王大人 第二季,3,打工吧！魔王大人
331936,1891,7.5,瑞克和莫蒂 第五季,5,瑞克和莫蒂 第一季
8296,1028,7.6,ToHeart,1,ToHeart
358934,1389,7.4,瑞克和莫蒂 第六季,6,瑞克和莫蒂 第一季
8297,258,6.0,Toheart 回忆永恒,2,ToHeart
441140,961,7.3,瑞克和莫蒂 第七季,7,瑞克和莫蒂 第一季
322900,1709,5.5,终末的女武神,1,终末的女武神
451756,550,7.1,瑞克和莫蒂 第八季,8,瑞克和莫蒂 第一季
346982,910,5.7,终末的女武神Ⅱ 前篇,2,终末的女武神
451757,0,0.0,瑞克和莫蒂 第九季,9,瑞克和莫蒂 第一季
425937,779,5.7,终末的女武神Ⅱ 后篇,3,终末的女武神
451758,1,8.0,瑞克和莫蒂 第十季,10,瑞克和莫蒂 第一季
544020,367,5.8,终末的女武神 第三季,4,终末的女武神
520676,0,0.0,瑞克和莫蒂 第十一季,11,瑞克和莫蒂 第一季
9800,6980,6.1,IS〈无限斯特拉托斯〉,1,IS〈无限斯特拉托斯〉
520677,0,0.0,瑞克和莫蒂 第十二季,12,瑞克和莫蒂 第一季
68022,3777,5.7,IS〈无限斯特拉托斯〉第二季,2,IS〈无限斯特拉托斯〉
223147,1442,6.8,凡人修仙传之凡人风起天南,1,凡人修仙传之凡人风起天南
68035,5999,7.8,有顶天家族,1,有顶天家族
313634,1280,6.9,凡人修仙传之凡人风起天南 贰,2,凡人修仙传之凡人风起天南
193042,3181,7.8,有顶天家族 第二季,2,有顶天家族
320242,1144,6.9,凡人修仙传 特别篇 燕家堡大战,3,凡人修仙传之凡人风起天南
49294,9857,7.2,Love Live!,1,Love Live!
348240,1542,7.4,凡人修仙传 年番,4,凡人修仙传之凡人风起天南
75989,7256,7.3,Love Live! 第二季,2,Love Live!
445681,1042,7.4,凡人修仙传 星海飞驰篇 序章,5,凡人修仙传之凡人风起天南
107199,3430,7.3,Love Live! 学园偶像 电影,3,Love Live!
406306,1331,7.8,凡人修仙传 新年番,6,凡人修仙传之凡人风起天南
144357,5279,6.6,文豪野犬,1,文豪野犬
518425,1693,8.1,凡人修仙传 第四季,7,凡人修仙传之凡人风起天南
171068,3589,6.8,文豪野犬 第二季,2,文豪野犬
607915,37,8.5,凡人修仙传 第五季,8,凡人修仙传之凡人风起天南
254762,2983,6.8,文豪野犬 第三季,3,文豪野犬
146093,6276,7.3,亚人,1,亚人
356413,1818,6.7,文豪野犬 第四季,4,文豪野犬
181640,3705,7.0,亚人 第2部分,2,亚人
426815,1427,6.0,文豪野犬 第五季,5,文豪野犬
96977,3427,6.0,七人魔法使,1,七人魔法使
202880,1948,6.6,黑色五叶草,1,黑色五叶草
186570,994,5.8,剧场版 七人魔法使 悠久图书馆与炼金术少女,2,七人魔法使
567896,2,8.5,黑色五叶草 第二季,2,黑色五叶草
252432,718,5.8,剧场版 七人魔法使 天空图书馆与真红的魔王,3,七人魔法使
448655,1879,7.5,大室家 亲爱的姐妹们,1,大室家 亲爱的姐妹们
112151,6608,5.6,终结的炽天使,1,终结的炽天使
448657,1405,7.5,大室家 亲爱的朋友们,2,大室家 亲爱的姐妹们
120705,3834,5.7,终结的炽天使 名古屋决战篇,2,终结的炽天使
359980,3004,5.9,恋爱游戏世界对路人角色很不友好,1,恋爱游戏世界对路人角色很不友好
345802,442,6.7,仙逆,1,仙逆
412144,4,7.0,恋爱游戏世界对路人角色很不友好 第二季,2,恋爱游戏世界对路人角色很不友好
481211,355,7.1,仙逆 年番,2,仙逆
200589,3340,5.4,爆肝工程师的异世界狂想曲,1,爆肝工程师的异世界狂想曲
526970,214,6.7,仙逆 年番2,3,仙逆
524169,0,0.0,爆肝工程师的异世界狂想曲 续篇,2,爆肝工程师的异世界狂想曲
630676,21,6.9,仙逆 年番3,4,仙逆
459283,1168,6.9,葬送的芙莉莲 ～●●的魔法～,1,葬送的芙莉莲 ～●●的魔法～
29323,2219,7.0,谜样女友X,1,谜样女友X
549563,227,6.9,葬送的芙莉莲 ～●●的魔法～2期,2,葬送的芙莉莲 ～●●的魔法～
47533,438,6.8,谜样女友X OAD 谜之夏日祭典,2,谜样女友X
3479,2468,6.0,圣痕炼金士,1,圣痕炼金士
9588,1052,7.8,金田一少年事件簿,1,金田一少年事件簿
10565,1391,5.9,圣痕炼金士II,2,圣痕炼金士
96861,539,6.8,金田一少年事件簿R,2,金田一少年事件簿
1260,4935,7.2,地狱少女,1,地狱少女
139950,325,7.1,金田一少年事件簿R 2期,3,金田一少年事件簿
1261,2859,7.4,地狱少女 二笼,2,地狱少女
277551,4298,6.4,地缚少年花子君,1,地缚少年花子君
1120,2266,7.1,地狱少女 三鼎,3,地狱少女
464593,1012,6.7,地缚少年花子君 第二季,2,地缚少年花子君
210231,1617,6.3,地狱少女 宵伽,4,地狱少女
548940,601,6.5,地缚少年花子君 第二季 第2部分,3,地缚少年花子君
210864,3876,7.2,魔法使的新娘,1,魔法使的新娘
67826,5202,6.6,噬血狂袭,1,噬血狂袭
399820,1232,6.7,魔法使的新娘 第二季,2,魔法使的新娘
182239,2262,6.6,噬血狂袭 II,2,噬血狂袭
442523,844,6.5,魔法使的新娘 第二季 第2部分,3,魔法使的新娘
240037,1775,6.5,噬血狂袭 III,3,噬血狂袭
234195,1906,5.6,一脸嫌弃表情的妹子给你看胖次,1,一脸嫌弃表情的妹子给你看胖次
292073,1475,6.6,噬血狂袭 IV,4,噬血狂袭
256668,1251,5.6,一脸嫌弃表情的妹子给你看胖次2,2,一脸嫌弃表情的妹子给你看胖次
340288,1133,6.7,噬血狂袭 最终季,5,噬血狂袭
630419,15,5.3,一脸嫌弃表情的妹子给你看胖次3,3,一脸嫌弃表情的妹子给你看胖次
194877,3847,6.6,星期一的丰满,1,星期一的丰满
575559,23,5.7,一脸嫌弃表情的妹子给你看胖次R,4,一脸嫌弃表情的妹子给你看胖次
349616,1652,6.2,星期一的丰满 第二季,2,星期一的丰满
896,1985,7.5,向阳素描,1,向阳素描
296076,6452,5.6,租借女友,1,租借女友
330,1492,7.7,向阳素描×365,2,向阳素描
315745,2878,5.7,租借女友 第二季,2,租借女友
2662,934,7.6,向阳素描×365 特别篇,3,向阳素描
401783,1761,5.4,租借女友 第三季,3,租借女友
3622,1396,7.7,向阳素描×☆☆☆,4,向阳素描
503450,871,3.7,租借女友 第四季,4,租借女友
22241,772,7.6,向阳素描×SP,5,向阳素描
533027,34,3.4,租借女友 第五季,5,租借女友
37819,1207,7.8,向阳素描×蜂窝,6,向阳素描
425988,2860,6.4,前辈是男孩子,1,前辈是男孩子
82233,832,8.0,向阳素描 沙英・寻 毕业篇,7,向阳素描
515392,422,6.1,电影 前辈是男孩子 雨过天晴,2,前辈是男孩子
8696,1187,7.4,机动警察 OVA,1,机动警察 OVA
470045,4122,7.2,噗妮露是可爱史莱姆,1,噗妮露是可爱史莱姆
9979,2126,7.8,机动警察剧场版1 东京毁灭战,2,机动警察 OVA
530115,2193,7.4,噗妮露是可爱史莱姆 第二季,2,噗妮露是可爱史莱姆
321,3836,8.8,机动警察剧场版2 和平保卫战,3,机动警察 OVA
320851,3722,5.6,精灵幻想记,1,精灵幻想记
81170,99,7.3,次世代 -机动警察-,4,机动警察 OVA
355803,1769,5.2,精灵幻想记 第二季,2,精灵幻想记
103359,86,6.1,次世代 -机动警察- 首都决战,5,机动警察 OVA
463389,1940,5.2,我要招架一切 逆向误解的世界最强梦想成为冒险者,1,我要招架一切 逆向误解的世界最强梦想成为冒险者
333448,2575,5.8,骸骨骑士大人异世界冒险中,1,骸骨骑士大人异世界冒险中
571912,0,0.0,我要招架一切 逆向误解的世界最强梦想成为冒险者 第二季,2,我要招架一切 逆向误解的世界最强梦想成为冒险者
528828,0,0.0,骸骨骑士大人异世界冒险中 第二季,2,骸骨骑士大人异世界冒险中
1262,3499,7.4,魔法少女奈叶,1,魔法少女奈叶
193373,3480,7.0,剧场版 Fate/kaleid liner 魔法少女☆伊莉雅 雪下的誓言,1,剧场版 Fate/kaleid liner 魔法少女☆伊莉雅 雪下的誓言
1263,2923,7.7,魔法少女奈叶A's,2,魔法少女奈叶
306971,1339,6.5,剧场版 Fate/kaleid liner 魔法少女☆伊莉雅 Licht 无名的少女,2,剧场版 Fate/kaleid liner 魔法少女☆伊莉雅 雪下的誓言
1264,2251,7.3,魔法少女奈叶StrikerS,3,魔法少女奈叶
347191,40,7.0,Fate/kaleid liner 魔法少女☆伊莉雅 续篇,3,剧场版 Fate/kaleid liner 魔法少女☆伊莉雅 雪下的誓言
110867,1175,6.2,魔法少女奈叶ViVid,4,魔法少女奈叶
241418,2603,7.3,擅长捉弄的高木同学 OVA,1,擅长捉弄的高木同学 OVA
186939,15,5.3,魔法少女奈叶ViVid 2期,5,魔法少女奈叶
271151,8761,7.7,擅长捉弄的高木同学 第二季,2,擅长捉弄的高木同学 OVA
217660,7891,5.6,盾之勇者成名录,1,盾之勇者成名录
347887,7812,8.0,擅长捉弄的高木同学 第三季,3,擅长捉弄的高木同学 OVA
289906,3210,4.8,盾之勇者成名录 第二季,2,盾之勇者成名录
347888,4088,7.7,擅长捉弄的高木同学 剧场版,4,擅长捉弄的高木同学 OVA
289907,1804,5.4,盾之勇者成名录 第三季,3,盾之勇者成名录
317275,3082,6.0,月光下的异世界之旅,1,月光下的异世界之旅
476542,881,5.3,盾之勇者成名录 第四季,4,盾之勇者成名录
350235,1582,5.8,月光下的异世界之旅 第二幕,2,月光下的异世界之旅
588077,2,5.5,盾之勇者成名录 第五季,5,盾之勇者成名录
501044,2,7.5,月光下的异世界之旅 第三幕,3,月光下的异世界之旅
1608,9182,8.6,灌篮高手,1,灌篮高手
398943,1663,5.9,女神咖啡厅,1,女神咖啡厅
324720,2642,7.7,灌篮高手,2,灌篮高手
442673,903,6.2,女神咖啡厅 第二季,2,女神咖啡厅
297954,5368,6.6,致不灭的你,1,致不灭的你
9713,1428,7.5,横滨购物纪行,1,横滨购物纪行
348128,1827,6.4,致不灭的你 第二季,2,致不灭的你
14684,773,6.9,横滨购物纪行 -Quiet Country Cafe-,2,横滨购物纪行
424242,335,6.6,致不灭的你 第三季,3,致不灭的你
116461,8815,7.2,食戟之灵,1,食戟之灵
150955,7170,6.4,我的英雄学院,1,我的英雄学院
160124,5889,7.1,食戟之灵 贰之皿,2,食戟之灵
185761,5439,6.5,我的英雄学院 第二季,2,我的英雄学院
217632,4134,6.7,食戟之灵 餐之皿,3,食戟之灵
226677,4500,6.4,我的英雄学院 第三季,3,我的英雄学院
232646,3108,6.6,食戟之灵 餐之皿 远月列车篇,4,食戟之灵
262162,2051,4.8,我的英雄学院 第四季,4,我的英雄学院
284546,2704,6.4,食戟之灵  神之皿,5,食戟之灵
303399,866,4.9,我的英雄学院 第五季,5,我的英雄学院
296820,1876,5.8,食戟之灵 豪之皿,6,食戟之灵
236657,800,4.8,我的英雄学院 第六季,6,我的英雄学院
118781,10308,5.9,甲铁城的卡巴内利,1,甲铁城的卡巴内利
425587,500,5.5,我的英雄学院 第七季,7,我的英雄学院
202270,2812,6.4,甲铁城的卡巴内利～海门决战～,2,甲铁城的卡巴内利
518413,431,5.7,我的英雄学院 最终季,8,我的英雄学院
335036,11603,8.4,英雄联盟：双城之战,1,英雄联盟：双城之战
769,5312,8.1,飞跃巅峰！,1,飞跃巅峰！
358801,4944,7.2,英雄联盟：双城之战 第二季,2,英雄联盟：双城之战
768,4247,8.0,飞跃巅峰2！,2,飞跃巅峰！
259709,1,8.0,飞跃巅峰3,3,飞跃巅峰！
343656,5694,6.4,测不准的阿波连同学,1,测不准的阿波连同学
119889,3877,6.0,我老婆是学生会长,1,我老婆是学生会长
506922,1724,6.5,测不准的阿波连同学 第二季,2,测不准的阿波连同学
167348,2242,5.9,我老婆是学生会长!+!,2,我老婆是学生会长
883,4312,7.0,黑执事,1,黑执事
45884,2652,7.4,出包王女Darkness OAD,1,出包王女Darkness OAD
100526,1575,7.1,黑执事 马戏团篇,2,黑执事
210486,1570,7.1,出包王女Darkness OVA,2,出包王女Darkness OAD
100511,738,7.1,黑执事 幽鬼城杀人事件篇,3,黑执事
227718,9121,7.6,MEGALO BOX,1,MEGALO BOX
148389,778,7.0,黑执事 豪华客船篇,4,黑执事
294836,5249,8.0,NOMAD MEGALO BOX 2,2,MEGALO BOX
444049,476,6.1,黑执事 -寄宿学校篇-,5,黑执事
50331,5793,7.1,中二病也要谈恋爱！Lite,1,中二病也要谈恋爱！Lite
502875,430,6.7,黑执事 -绿之魔女篇-,6,黑执事
91651,4215,6.9,中二病也要谈恋爱！恋 Lite,2,中二病也要谈恋爱！Lite
299498,4078,6.1,宇崎学妹想要玩！,1,宇崎学妹想要玩！
268545,9160,6.2,因为太怕痛就全点防御力了。,1,因为太怕痛就全点防御力了。
315744,1952,6.2,宇崎学妹想要玩！ω,2,宇崎学妹想要玩！
302766,4017,5.8,因为太怕痛就全点防御力了。2,2,因为太怕痛就全点防御力了。
276788,2301,6.8,小书痴的下克上 〜为了成为图书管理员而不择手段〜,1,小书痴的下克上 〜为了成为图书管理员而不择手段〜
299,5774,7.8,再见绝望先生,1,再见绝望先生
296129,650,6.7,小书痴的下克上 〜为了成为图书管理员而不择手段〜 外传,2,小书痴的下克上 〜为了成为图书管理员而不择手段〜
300,3732,7.8,俗・再见绝望先生,2,再见绝望先生
295884,1735,7.0,小书痴的下克上 〜为了成为图书管理员而不择手段〜 第二季,3,小书痴的下克上 〜为了成为图书管理员而不择手段〜
2603,2182,7.7,狱・再见绝望先生,3,再见绝望先生
310263,1179,6.8,小书痴的下克上 〜为了成为图书管理员而不择手段〜 第三季,4,小书痴的下克上 〜为了成为图书管理员而不择手段〜
1742,2988,7.8,忏・再见绝望先生,4,再见绝望先生
469104,6,7.0,小书痴的下克上 〜为了成为图书管理员而不择手段〜 第四季,5,小书痴的下克上 〜为了成为图书管理员而不择手段〜
3805,1273,7.7,忏・再见绝望先生 番外地,5,再见绝望先生
2464,8018,7.5,荒川爆笑团,1,荒川爆笑团
114105,606,7.4,再见绝望先生 Blu-ray BOX化纪念话,6,再见绝望先生
8081,5588,7.6,荒川爆笑团2,2,荒川爆笑团
266372,4188,6.5,炎炎消防队,1,炎炎消防队
80864,4616,7.9,太空丹迪,1,太空丹迪
297342,2212,6.6,炎炎消防队 二之章,2,炎炎消防队
100501,3644,8.2,太空丹迪 第二季,2,太空丹迪
382126,962,5.9,炎炎消防队 叁之章,3,炎炎消防队
484402,1335,5.2,瞬间治疗却被视为无用而被流放的天才治疗师，以暗黑治疗师的身份幸福地生活着,1,瞬间治疗却被视为无用而被流放的天才治疗师，以暗黑治疗师的身份幸福地生活着
502876,171,6.3,炎炎消防队 叁之章 第2部分,4,炎炎消防队
618391,0,0.0,瞬间治疗却被视为无用而被流放的天才治疗师，以暗黑治疗师的身份幸福地生活着 第二季,2,瞬间治疗却被视为无用而被流放的天才治疗师，以暗黑治疗师的身份幸福地生活着
1728,9201,8.9,浪客剑心 追忆篇,1,浪客剑心 追忆篇
150775,9101,7.4,NEW GAME!,1,NEW GAME!
13553,1062,7.1,浪客剑心 星霜篇,2,浪客剑心 追忆篇
208908,7390,7.4,NEW GAME!!,2,NEW GAME!
40310,7978,7.6,少女与战车,1,少女与战车
259,11592,8.0,夏目友人帐,1,夏目友人帐
72266,6800,8.3,少女与战车 剧场版,2,少女与战车
891,7776,8.0,续 夏目友人帐,2,夏目友人帐
191302,3417,7.8,少女与战车 最终章 第1话,3,少女与战车
12536,8875,8.2,夏目友人帐 叁,3,夏目友人帐
208825,2674,7.7,少女与战车 最终章 第2话,4,少女与战车
23495,6484,8.0,夏目友人帐 肆,4,夏目友人帐
208826,2013,7.6,少女与战车 最终章 第3话,5,少女与战车
174638,3841,7.7,夏目友人帐 伍,5,夏目友人帐
208827,1687,7.8,少女与战车 最终章 第4话,6,少女与战车
203387,3309,7.7,夏目友人帐 陆,6,夏目友人帐
208829,10,6.7,少女与战车 最终章 第5话,7,少女与战车
443676,1700,7.8,夏目友人帐 柒,7,夏目友人帐
208830,5,6.6,少女与战车 最终章 第6话,8,少女与战车
235612,12767,6.9,工作细胞,1,工作细胞
84171,8986,8.1,排球少年,1,排球少年
278815,5872,6.7,工作细胞！！,2,工作细胞
120236,6940,8.3,排球少年 第二季,2,排球少年
7707,8930,7.9,伤物语Ⅰ铁血篇,1,伤物语Ⅰ铁血篇
173849,6382,8.4,排球少年 乌野高校 VS 白鸟泽学园高校,3,排球少年
148036,8351,8.0,伤物语Ⅱ热血篇,2,伤物语Ⅰ铁血篇
269918,3319,7.5,排球少年 TO THE TOP,4,排球少年
148037,8860,8.2,伤物语Ⅲ冷血篇,3,伤物语Ⅰ铁血篇
295421,2994,7.7,排球少年 TO THE TOP 第二期,5,排球少年
394621,2461,7.5,排球少年！！垃圾场决战,6,排球少年
396016,7,7.6,剧场版排球少年 VS小巨人,7,排球少年
541282,0,0.0,排球少年 怪物们的远征,8,排球少年